playerID,yearID,stint,teamID,lgID,G,AB,R,H,2B,3B,HR,RBI,SB,CS,BB,SO,IBB,HBP,SH,SF,GIDP,BA,PA,OBP,SLG,OPS,OPS_Plus,TB
abadfe01,2017,1,BOS,AL,4,0,0,0,0,0,0,0,0,0,0,0,0,0,0,0,0,0.000,0,0.000,0.000,0.000,0,0
abreujo02,2017,1,CHW,AL,156,621,95,189,43,6,33,102,3,0,35,119,6,15,0,4,21,0.304,675,0.354,0.552,0.906,140,343
adamecr01,2017,1,COL,NL,12,13,1,0,0,0,0,0,0,0,1,6,0,0,0,0,0,0.000,14,0.071,0.000,0.071,-80,0
adamsau02,2017,1,WSN,NL,6,0,0,0,0,0,0,0,0,0,0,0,0,0,0,0,0,0.000,0,0.000,0.000,0.000,0,0
adamsla01,2017,1,ATL,NL,85,109,19,30,4,1,5,20,10,0,10,37,0,1,1,1,3,0.275,122,0.339,0.468,0.807,110,51
adamsma01,2017,1,ATL,NL,100,291,42,79,20,1,19,58,0,0,19,71,5,1,0,3,5,0.271,314,0.315,0.543,0.858,121,158
adamsma01,2017,2,STL,NL,31,48,4,14,2,0,1,7,0,0,4,17,0,0,0,1,0,0.292,53,0.340,0.396,0.735,94,19
adducji02,2017,1,DET,AL,29,83,14,20,6,2,1,10,1,1,10,27,0,0,0,0,1,0.241,93,0.323,0.398,0.720,90,33
adlemti01,2017,1,CIN,NL,27,29,0,3,1,0,0,2,0,0,0,10,0,0,3,0,0,0.103,32,0.103,0.138,0.241,-37,4
adriaeh01,2017,1,MIN,AL,70,162,30,43,9,2,2,24,8,1,16,25,1,1,1,6,0,0.265,186,0.324,0.383,0.707,90,62
aguilje01,2017,1,MIL,NL,133,279,40,74,15,2,16,52,0,0,25,94,1,4,0,3,8,0.265,311,0.331,0.505,0.837,114,141
ahmedni01,2017,1,ARI,NL,53,167,24,42,8,1,6,21,3,4,10,39,3,1,0,0,6,0.251,178,0.298,0.419,0.717,78,70
alberan01,2017,1,SEA,AL,1,1,0,1,0,0,0,1,0,0,0,0,0,0,2,0,0,1.000,3,1.000,1.000,2.000,448,1
alberma01,2017,1,WSN,NL,59,0,0,0,0,0,0,0,0,0,0,0,0,0,0,0,0,0.000,0,0.000,0.000,0.000,0,0
albieoz01,2017,1,ATL,NL,57,217,34,62,9,5,6,28,8,1,21,36,0,3,1,2,3,0.286,244,0.354,0.456,0.810,112,99
albural01,2017,1,KCR,AL,1,0,0,0,0,0,0,0,0,0,0,0,0,0,0,0,0,0.000,0,0.000,0.000,0.000,0,0
alcanar01,2017,1,CIN,NL,70,105,13,18,3,1,1,7,2,0,2,38,0,0,1,0,2,0.171,108,0.187,0.248,0.435,13,26
alcansa01,2017,1,STL,NL,8,0,0,0,0,0,0,0,0,0,0,0,0,0,0,0,0,0.000,0,0.000,0.000,0.000,0,0
alexasc02,2017,1,KCR,AL,4,3,0,0,0,0,0,0,0,0,0,1,0,0,0,0,0,0.000,3,0.000,0.000,0.000,-100,0
alfarjo01,2017,1,PHI,NL,29,107,12,34,6,0,5,14,0,0,3,33,1,4,0,0,2,0.318,114,0.360,0.514,0.874,129,55
alforan01,2017,1,TOR,AL,4,8,0,1,1,0,0,0,0,0,0,3,0,0,0,0,0,0.125,8,0.125,0.250,0.375,-5,2
allenco01,2017,1,CLE,AL,5,0,0,0,0,0,0,0,0,0,0,0,0,0,0,0,0,0.000,0,0.000,0.000,0.000,0,0
allengr01,2017,1,CLE,AL,25,35,7,8,1,0,1,6,1,0,2,8,0,1,0,1,0,0.229,39,0.282,0.343,0.625,63,12
almonab01,2017,1,CLE,AL,69,172,26,40,8,3,3,14,2,1,20,46,0,1,1,1,2,0.233,195,0.314,0.366,0.681,78,63
almoral01,2017,1,CHC,NL,132,299,39,89,18,1,8,46,1,0,19,53,1,0,3,2,8,0.298,323,0.338,0.445,0.782,101,133
alonsyo01,2017,1,SEA,AL,42,132,20,35,5,0,6,18,1,0,18,30,0,0,0,0,3,0.265,150,0.353,0.439,0.793,114,58
alonsyo01,2017,2,OAK,AL,100,319,52,85,17,0,22,49,1,0,50,88,6,2,0,0,6,0.266,371,0.369,0.527,0.896,140,168
altavda01,2017,1,SEA,AL,5,0,0,0,0,0,0,0,0,0,0,0,0,0,0,0,0,0.000,0,0.000,0.000,0.000,0,0
altheaa01,2017,1,PHI,NL,107,372,58,101,24,5,19,65,5,4,32,104,2,7,0,1,12,0.272,412,0.340,0.516,0.856,124,192
altuvjo01,2017,1,HOU,AL,153,590,112,204,39,4,24,81,32,6,58,84,3,9,1,4,19,0.346,662,0.410,0.547,0.957,164,323
alvarhe01,2017,1,PHI,NL,3,6,0,0,0,0,0,0,0,0,0,2,0,0,0,0,0,0.000,6,0.000,0.000,0.000,-100,0
alvarjo02,2017,1,LAA,AL,5,0,0,0,0,0,0,0,0,0,0,0,0,0,0,0,0,0.000,0,0.000,0.000,0.000,0,0
alvarpe01,2017,1,BAL,AL,14,32,4,10,1,0,1,4,0,0,2,10,0,0,0,0,0,0.313,34,0.353,0.438,0.790,112,14
amarial01,2017,1,COL,NL,96,168,22,40,10,0,3,19,1,0,7,38,0,0,1,0,5,0.238,176,0.269,0.351,0.620,52,59
anderbr04,2017,1,CHC,NL,6,7,0,1,0,0,0,1,0,0,1,3,0,0,0,0,0,0.143,8,0.250,0.143,0.393,7,1
anderbr06,2017,1,MIA,NL,25,84,11,22,7,1,0,8,0,0,10,28,0,0,0,1,1,0.262,95,0.337,0.369,0.706,91,31
anderch01,2017,1,MIL,NL,24,52,1,7,1,0,0,3,0,0,0,29,0,0,3,0,1,0.135,55,0.135,0.154,0.288,-25,8
anderdr02,2017,1,PHI,NL,1,0,0,0,0,0,0,0,0,0,0,0,0,0,0,0,0,0.000,0,0.000,0.000,0.000,0,0
anderti01,2017,1,CHW,AL,146,587,72,151,26,4,17,56,15,1,13,162,0,3,2,1,13,0.257,606,0.276,0.402,0.679,80,236
anderty01,2017,1,COL,NL,17,26,1,1,0,0,0,0,0,0,1,17,0,0,6,0,1,0.038,33,0.074,0.038,0.113,-71,1
andruel01,2017,1,TEX,AL,158,643,100,191,44,4,20,88,25,10,38,101,0,3,1,4,18,0.297,689,0.337,0.471,0.808,108,303
andujmi01,2017,1,NYY,AL,5,7,0,4,2,0,0,4,1,0,1,0,0,0,0,0,0,0.571,8,0.625,0.857,1.482,286,6
aokino01,2017,1,HOU,AL,70,202,28,55,12,1,2,19,5,2,15,29,1,2,1,4,11,0.272,224,0.323,0.371,0.694,93,75
aokino01,2017,2,TOR,AL,12,32,4,9,1,0,3,8,0,0,1,5,0,0,0,1,0,0.281,34,0.294,0.594,0.888,124,19
aokino01,2017,3,NYM,NL,27,102,16,29,7,1,0,8,5,0,13,10,0,1,0,0,1,0.284,116,0.371,0.373,0.743,99,38
aquinja01,2017,1,BAL,AL,1,2,0,0,0,0,0,0,0,0,0,2,0,0,0,0,0,0.000,2,0.000,0.000,0.000,-100,0
aranovi01,2017,1,PHI,NL,10,0,0,0,0,0,0,0,0,0,0,0,0,0,0,0,0,0.000,0,0.000,0.000,0.000,0,0
archech01,2017,1,TBR,AL,3,8,1,2,0,0,0,1,0,0,0,3,0,0,0,0,1,0.250,8,0.250,0.250,0.500,39,2
arciaor01,2017,1,MIL,NL,153,506,56,140,17,2,15,53,14,7,36,100,9,1,2,3,10,0.277,548,0.324,0.407,0.731,89,206
arenano01,2017,1,COL,NL,159,606,100,187,43,7,37,130,3,2,62,106,9,4,1,6,21,0.309,680,0.373,0.586,0.959,132,355
armstsh01,2017,1,CLE,AL,3,0,0,0,0,0,0,0,0,0,0,0,0,0,0,0,0,0.000,0,0.000,0.000,0.000,0,0
arrieja01,2017,1,CHC,NL,29,61,2,8,0,1,1,5,0,0,1,32,0,0,2,0,0,0.131,64,0.145,0.213,0.358,-9,13
arroybr01,2017,1,CIN,NL,15,26,0,4,0,0,0,0,0,0,0,10,0,0,3,0,0,0.154,29,0.154,0.154,0.308,-19,4
arroych01,2017,1,SFG,NL,34,125,9,24,5,0,3,14,1,2,8,32,1,1,0,1,4,0.192,135,0.244,0.304,0.548,45,38
ascheco01,2017,1,CHW,AL,19,57,5,6,1,0,1,4,0,0,3,21,1,2,0,0,1,0.105,62,0.177,0.175,0.353,-4,10
asheral01,2017,1,BAL,AL,2,1,0,0,0,0,0,0,0,0,0,0,0,0,0,0,0,0.000,1,0.000,0.000,0.000,-100,0
astinba01,2017,1,CIN,NL,6,1,0,0,0,0,0,0,0,0,0,1,0,0,0,0,0,0.000,1,0.000,0.000,0.000,-100,0
asuajca01,2017,1,SDP,NL,89,307,28,83,14,1,4,21,0,1,28,76,0,2,5,1,6,0.270,343,0.334,0.362,0.696,88,111
austity01,2017,1,NYY,AL,20,40,4,9,2,0,2,8,0,0,4,17,0,0,0,2,1,0.225,46,0.283,0.425,0.708,83,17
avilaal01,2017,1,CHC,NL,35,92,11,22,2,1,3,17,0,0,19,40,0,0,1,0,4,0.239,112,0.369,0.380,0.750,96,35
avilaal01,2017,2,DET,AL,77,219,30,60,11,0,11,32,0,1,43,80,2,1,0,1,6,0.274,264,0.394,0.475,0.869,129,104
avilalu01,2017,1,LAD,NL,58,2,0,0,0,0,0,0,0,0,0,1,0,0,0,0,0,0.000,2,0.000,0.000,0.000,-100,0
avilemi01,2017,1,MIA,NL,37,86,5,20,2,0,1,8,0,0,6,15,2,2,3,0,3,0.233,97,0.298,0.291,0.589,61,25
axforjo01,2017,1,OAK,AL,3,0,0,0,0,0,0,0,0,0,0,0,0,0,0,0,0,0.000,0,0.000,0.000,0.000,0,0
aybarer01,2017,1,SDP,NL,108,333,37,78,15,1,7,22,11,4,28,57,2,4,3,2,5,0.234,370,0.300,0.348,0.648,74,116
baderha01,2017,1,STL,NL,32,85,10,20,3,0,3,10,2,1,5,24,1,1,0,1,1,0.235,92,0.283,0.376,0.659,72,32
baezja01,2017,1,CHC,NL,145,469,75,128,24,2,23,75,10,3,30,144,15,1,6,2,10,0.273,508,0.317,0.480,0.796,103,225
baezpe01,2017,1,LAD,NL,61,1,0,0,0,0,0,1,0,0,1,1,0,0,0,0,0,0.000,2,0.500,0.000,0.500,52,0
bailean01,2017,1,LAA,AL,1,0,0,0,0,0,0,0,0,0,0,0,0,0,0,0,0,0.000,0,0.000,0.000,0.000,0,0
baileho02,2017,1,CIN,NL,17,28,4,7,2,0,0,0,0,0,0,11,0,0,7,0,0,0.250,35,0.250,0.321,0.571,48,9
bandaan01,2017,1,ARI,NL,7,5,0,0,0,0,0,0,0,0,0,3,0,0,1,0,0,0.000,6,0.000,0.000,0.000,-100,0
bandyje01,2017,1,MIL,NL,60,169,14,35,6,0,6,18,1,0,15,51,0,4,0,0,5,0.207,188,0.287,0.349,0.636,65,59
barbajo01,2017,1,PIT,NL,23,1,0,0,0,0,0,0,0,0,0,0,0,0,0,0,0,0.000,1,0.000,0.000,0.000,-100,0
barneau01,2017,1,LAD,NL,102,218,35,63,15,2,8,38,4,1,39,43,1,5,0,0,6,0.289,262,0.408,0.486,0.895,137,106
barneda01,2017,1,TOR,AL,129,336,34,78,14,0,6,25,7,2,18,64,0,2,5,1,13,0.232,362,0.275,0.327,0.602,57,110
barneda02,2017,1,TOR,AL,4,0,0,0,0,0,0,0,0,0,0,0,0,0,0,0,0,0.000,0,0.000,0.000,0.000,0,0
barneja01,2017,1,MIL,NL,68,0,0,0,0,0,0,0,0,0,1,0,0,0,0,0,0,0.000,1,1.000,0.000,0.000,0,0
barnema01,2017,1,BOS,AL,4,0,0,0,0,0,0,0,0,0,0,0,0,0,0,0,0,0.000,0,0.000,0.000,0.000,0,0
barneto01,2017,1,TEX,AL,3,0,0,0,0,0,0,0,0,0,0,0,0,0,0,0,0,0.000,0,0.000,0.000,0.000,0,0
barnhtu01,2017,1,CIN,NL,121,370,26,100,24,2,7,44,4,0,42,68,11,3,5,3,12,0.270,423,0.347,0.403,0.750,96,149
barraky01,2017,1,MIA,NL,62,1,0,0,0,0,0,0,0,0,0,1,0,0,0,0,0,0.000,1,0.000,0.000,0.000,-100,0
barrefr02,2017,1,OAK,AL,25,71,10,14,1,2,2,6,2,0,5,33,0,0,0,0,1,0.197,76,0.250,0.352,0.602,62,25
barreja01,2017,1,ARI,NL,28,0,0,0,0,0,0,0,0,0,0,0,0,0,0,0,0,0.000,0,0.000,0.000,0.000,0,0
bastaan01,2017,1,PIT,NL,8,0,0,0,0,0,0,0,0,0,1,0,0,0,0,0,0,0.000,1,1.000,0.000,0.000,0,0
bauertr01,2017,1,CLE,AL,2,3,0,0,0,0,0,0,0,0,0,1,0,0,0,0,0,0.000,3,0.000,0.000,0.000,-100,0
baumabu01,2017,1,SDP,NL,22,0,0,0,0,0,0,0,0,0,0,0,0,0,0,0,0,0.000,0,0.000,0.000,0.000,0,0
bautijo02,2017,1,TOR,AL,157,587,92,119,27,0,23,65,6,3,84,170,3,8,0,7,16,0.203,686,0.308,0.366,0.674,76,215
bautira01,2017,1,WSN,NL,17,25,2,4,0,0,0,0,0,0,2,5,0,0,0,0,1,0.160,27,0.222,0.160,0.382,2,4
beatope01,2017,1,PHI,NL,1,0,0,0,0,0,0,0,0,0,0,0,0,0,0,0,0,0.000,0,0.000,0.000,0.000,0,0
beckch02,2017,1,CHW,AL,5,0,0,0,0,0,0,0,0,0,0,0,0,0,0,0,0,0.000,0,0.000,0.000,0.000,0,0
beckhgo01,2017,1,SEA,AL,11,17,2,3,0,0,0,0,1,0,1,2,0,0,0,0,2,0.176,18,0.222,0.176,0.399,11,3
beckhti01,2017,1,TBR,AL,87,317,31,82,5,3,12,36,5,4,24,110,0,2,1,1,8,0.259,345,0.314,0.407,0.721,97,129
beckhti01,2017,2,BAL,AL,50,216,36,66,13,2,10,26,1,1,12,57,0,2,0,0,2,0.306,230,0.348,0.523,0.871,131,113
bedroca01,2017,1,LAA,AL,2,0,0,0,0,0,0,0,0,0,0,0,0,0,0,0,0,0.000,0,0.000,0.000,0.000,0,0
belisma01,2017,1,MIN,AL,6,0,0,0,0,0,0,0,0,0,0,0,0,0,0,0,0,0.000,0,0.000,0.000,0.000,0,0
bellch02,2017,1,DET,AL,1,0,0,0,0,0,0,0,0,0,0,0,0,0,0,0,0,0.000,0,0.000,0.000,0.000,0,0
bellico01,2017,1,LAD,NL,132,480,87,128,26,4,39,97,10,3,64,146,13,1,0,3,5,0.267,548,0.352,0.581,0.933,142,279
belljo02,2017,1,PIT,NL,159,549,75,140,26,6,26,90,2,4,66,117,4,1,0,4,15,0.255,620,0.334,0.466,0.800,108,256
beltbr01,2017,1,SFG,NL,104,382,63,92,27,3,18,51,3,2,66,104,2,2,0,1,5,0.241,451,0.355,0.469,0.823,117,179
beltrad01,2017,1,TEX,AL,94,340,47,106,22,1,17,71,1,0,39,52,2,4,0,6,7,0.312,389,0.383,0.532,0.915,135,181
beltrca01,2017,1,HOU,AL,129,467,60,108,29,0,14,51,0,0,33,102,3,3,0,6,9,0.231,509,0.283,0.383,0.666,84,179
beninan01,2017,1,BOS,AL,151,573,84,155,26,1,20,90,20,5,70,112,7,6,1,8,16,0.271,658,0.352,0.424,0.776,103,243
benoijo01,2017,1,PHI,NL,41,0,0,0,0,0,0,0,0,0,0,0,0,0,0,0,0,0.000,0,0.000,0.000,0.000,0,0
benoijo01,2017,2,PIT,NL,7,0,0,0,0,0,0,0,0,0,0,0,0,0,0,0,0,0.000,0,0.000,0.000,0.000,0,0
bergmch01,2017,1,SEA,AL,1,1,0,0,0,0,0,0,0,0,0,0,0,0,0,0,0,0.000,1,0.000,0.000,0.000,-100,0
berrijo01,2017,1,MIN,AL,3,5,0,1,0,0,0,0,0,0,0,2,0,0,0,0,0,0.200,5,0.200,0.200,0.400,9,1
berryqu01,2017,1,MIL,NL,7,3,0,0,0,0,0,0,2,1,0,2,0,0,0,0,0,0.000,3,0.000,0.000,0.000,-100,0
betande01,2017,1,NYY,AL,6,0,0,0,0,0,0,0,0,0,0,0,0,0,0,0,0,0.000,0,0.000,0.000,0.000,0,0
bethach01,2017,1,SDP,NL,8,7,0,1,0,0,0,0,0,0,0,3,0,0,0,0,0,0.143,7,0.143,0.143,0.286,-23,1
bettich01,2017,1,COL,NL,9,11,1,1,0,0,0,1,0,0,1,6,0,0,3,0,0,0.091,15,0.167,0.091,0.258,-33,1
bettsmo01,2017,1,BOS,AL,153,628,101,166,46,2,24,102,26,3,77,79,9,2,0,5,9,0.264,712,0.344,0.459,0.803,108,288
biagijo01,2017,1,TOR,AL,4,2,0,0,0,0,0,1,0,0,0,0,0,0,1,0,0,0.000,3,0.000,0.000,0.000,-100,0
bibenau01,2017,1,TEX,AL,2,3,0,0,0,0,0,0,0,0,0,3,0,0,0,0,0,0.000,3,0.000,0.000,0.000,-100,0
birdgr01,2017,1,NYY,AL,48,147,20,28,7,0,9,28,0,0,19,42,0,2,0,2,2,0.190,170,0.288,0.422,0.710,84,62
blachty01,2017,1,SFG,NL,36,44,5,10,2,0,1,7,0,0,4,21,0,0,4,1,1,0.227,53,0.286,0.341,0.627,66,15
blackch02,2017,1,COL,NL,159,644,137,213,35,14,37,104,14,10,65,135,9,10,3,3,4,0.331,725,0.399,0.601,1.000,142,387
blackpa01,2017,1,OAK,AL,1,3,0,0,0,0,0,0,0,0,0,2,0,0,0,0,0,0.000,3,0.000,0.000,0.000,-100,0
blairaa01,2017,1,ATL,NL,1,1,0,1,0,0,0,0,0,0,1,0,0,0,0,0,0,1.000,2,1.000,1.000,2.000,433,1
blancan01,2017,1,PHI,NL,80,130,10,25,4,0,3,13,1,0,12,34,0,0,0,2,1,0.192,144,0.257,0.292,0.549,46,38
blancgr01,2017,1,ARI,NL,90,224,43,55,10,3,3,13,15,1,31,59,0,0,1,0,2,0.246,256,0.337,0.357,0.694,76,80
blantjo01,2017,1,WSN,NL,48,0,0,0,0,0,0,0,0,0,1,0,0,0,0,0,0,0.000,1,1.000,0.000,0.000,0,0
blashja01,2017,1,SDP,NL,61,164,24,35,6,0,5,16,1,2,28,66,0,2,0,1,5,0.213,195,0.333,0.341,0.675,83,56
blazemi01,2017,1,MIL,NL,5,2,0,0,0,0,0,0,0,0,0,1,0,0,0,0,1,0.000,2,0.000,0.000,0.000,-100,0
bleieri01,2017,1,BAL,AL,3,0,0,0,0,0,0,0,0,0,0,0,0,0,0,0,0,0.000,0,0.000,0.000,0.000,0,0
blevije01,2017,1,NYM,NL,70,0,0,0,0,0,0,0,0,0,0,0,0,0,0,0,0,0.000,0,0.000,0.000,0.000,0,0
bogaexa01,2017,1,BOS,AL,148,571,94,156,32,6,10,62,15,1,56,116,6,6,0,2,17,0.273,635,0.343,0.403,0.746,95,230
bonifem01,2017,1,ATL,NL,38,38,2,5,1,1,0,3,0,0,1,9,0,0,4,1,1,0.132,44,0.150,0.211,0.361,-6,8
bonifjo01,2017,1,KCR,AL,113,384,55,98,15,1,17,40,1,1,35,118,0,2,0,1,8,0.255,422,0.320,0.432,0.752,97,166
bonilli01,2017,1,CIN,NL,7,6,0,1,0,0,0,0,0,0,1,3,0,1,0,0,0,0.167,8,0.375,0.167,0.542,51,1
bormajo01,2017,1,PIT,NL,1,1,0,0,0,0,0,0,0,0,0,1,0,0,0,0,0,0.000,1,0.000,0.000,0.000,-100,0
boshebu01,2017,1,MIN,AL,3,0,0,0,0,0,0,0,0,0,0,0,0,0,0,0,0,0.000,0,0.000,0.000,0.000,0,0
bostich01,2017,1,PIT,NL,20,27,6,8,2,0,0,1,0,1,4,9,0,1,0,0,0,0.296,32,0.406,0.370,0.777,107,10
bourjpe01,2017,1,TBR,AL,100,188,27,42,9,3,5,15,5,4,12,53,0,1,1,1,2,0.223,203,0.272,0.383,0.655,78,72
bourju01,2017,1,MIA,NL,108,377,52,109,18,0,25,83,1,0,47,95,7,1,0,4,10,0.289,429,0.366,0.536,0.902,139,202
bowmama01,2017,1,STL,NL,71,0,0,0,0,0,0,0,0,0,0,0,0,0,1,0,0,0.000,1,0.000,0.000,0.000,0,0
boxbebr01,2017,1,TBR,AL,3,0,0,0,0,0,0,0,0,0,0,0,0,0,0,0,0,0.000,0,0.000,0.000,0.000,0,0
boydma01,2017,1,DET,AL,2,3,0,1,0,0,0,0,0,0,0,0,0,0,0,0,0,0.333,3,0.333,0.333,0.667,78,1
brachbr01,2017,1,BAL,AL,5,0,0,0,0,0,0,0,0,0,0,0,0,0,0,0,0,0.000,0,0.000,0.000,0.000,0,0
brachsi01,2017,1,ARI,NL,17,0,0,0,0,0,0,0,0,0,0,0,0,0,0,0,0,0.000,0,0.000,0.000,0.000,0,0
bradfch02,2017,1,NYM,NL,25,1,0,0,0,0,0,0,0,0,0,1,0,0,0,0,0,0.000,1,0.000,0.000,0.000,-100,0
bradlar01,2017,1,ARI,NL,60,4,0,1,0,0,0,1,0,0,0,2,0,0,0,0,0,0.250,4,0.250,0.250,0.500,27,1
bradlja02,2017,1,BOS,AL,133,482,58,118,19,3,17,63,8,3,48,124,4,9,0,2,8,0.245,541,0.323,0.402,0.726,89,194
brantmi02,2017,1,CLE,AL,90,338,47,101,20,1,9,52,11,1,31,50,3,2,0,4,8,0.299,375,0.357,0.444,0.801,108,150
brantro01,2017,1,CHW,AL,13,31,4,9,1,0,2,5,0,0,3,14,0,2,0,0,0,0.290,36,0.389,0.516,0.905,142,16
braulst01,2017,1,PIT,NL,12,13,2,3,1,0,0,2,0,0,0,0,0,0,0,0,0,0.231,13,0.231,0.308,0.538,40,4
braunry02,2017,1,MIL,NL,104,380,58,102,28,2,17,52,12,4,38,76,2,3,0,4,15,0.268,425,0.336,0.487,0.823,111,185
brebbjo01,2017,1,STL,NL,46,1,0,0,0,0,0,0,0,0,0,0,0,0,0,0,0,0.000,1,0.000,0.000,0.000,-100,0
bregmal01,2017,1,HOU,AL,155,556,88,158,39,5,19,71,17,5,55,97,2,7,1,7,15,0.284,626,0.352,0.475,0.827,128,264
breslcr01,2017,1,MIN,AL,2,0,0,0,0,0,0,0,0,0,0,0,0,0,0,0,0,0.000,0,0.000,0.000,0.000,0,0
briceau01,2017,1,CIN,NL,21,4,0,0,0,0,0,0,0,0,0,2,0,0,0,0,0,0.000,4,0.000,0.000,0.000,-100,0
brinsle01,2017,1,MIL,NL,21,47,2,5,0,1,2,3,1,0,7,17,1,1,0,0,0,0.106,55,0.236,0.277,0.513,34,13
brittza01,2017,1,BAL,AL,1,0,0,0,0,0,0,0,0,0,0,0,0,0,0,0,0,0.000,0,0.000,0.000,0.000,0,0
brothre01,2017,1,ATL,NL,27,0,0,0,0,0,0,0,0,0,0,0,0,0,0,0,0,0.000,0,0.000,0.000,0.000,0,0
broxtjo01,2017,1,STL,NL,19,0,0,0,0,0,0,0,0,0,0,0,0,0,0,0,0,0.000,0,0.000,0.000,0.000,0,0
broxtke01,2017,1,MIL,NL,143,414,66,91,15,4,20,49,21,7,40,175,1,7,1,1,3,0.220,463,0.299,0.420,0.719,85,174
bruceja01,2017,1,CLE,AL,43,149,21,37,9,2,7,26,1,0,18,37,0,1,0,1,2,0.248,169,0.331,0.477,0.808,108,71
bruceja01,2017,2,NYM,NL,103,406,61,104,20,0,29,75,0,1,39,102,0,1,0,2,9,0.256,448,0.321,0.520,0.841,118,211
brugmja01,2017,1,OAK,AL,48,143,12,38,2,0,3,12,1,2,18,38,1,0,0,1,1,0.266,162,0.346,0.343,0.688,89,49
bryankr01,2017,1,CHC,NL,151,549,111,162,38,4,29,73,7,5,95,128,5,15,0,6,8,0.295,665,0.409,0.537,0.946,143,295
buchaja01,2017,1,CIN,NL,4,2,1,1,0,0,0,1,0,0,1,1,0,0,0,0,0,0.500,3,0.667,0.500,1.167,214,1
buchhcl01,2017,1,PHI,NL,2,2,0,0,0,0,0,0,0,0,0,2,0,0,0,0,0,0.000,2,0.000,0.000,0.000,-100,0
buchtry01,2017,1,SDP,NL,38,0,0,0,0,0,0,0,0,0,0,0,0,0,0,0,0,0.000,0,0.000,0.000,0.000,0,0
buchtry01,2017,2,KCR,AL,1,0,0,0,0,0,0,0,0,0,0,0,0,0,0,0,0,0.000,0,0.000,0.000,0.000,0,0
buehlwa01,2017,1,LAD,NL,8,0,0,0,0,0,0,0,0,0,0,0,0,0,0,0,0,0.000,0,0.000,0.000,0.000,0,0
bumgama01,2017,1,SFG,NL,15,34,4,7,0,0,3,5,0,0,2,11,0,0,0,0,1,0.206,36,0.250,0.471,0.721,86,16
bummeaa01,2017,1,CHW,AL,2,0,0,0,0,0,0,0,0,0,0,0,0,0,0,0,0,0.000,0,0.000,0.000,0.000,0,0
burnsbi02,2017,1,KCR,AL,7,6,1,1,0,0,0,0,0,1,0,1,0,0,0,0,0,0.167,6,0.167,0.167,0.333,-11,1
busenal01,2017,1,MIN,AL,3,0,0,0,0,0,0,0,0,0,0,0,0,0,0,0,0,0.000,0,0.000,0.000,0.000,0,0
bushma01,2017,1,TEX,AL,1,0,0,0,0,0,0,0,0,0,0,0,0,0,0,0,0,0.000,0,0.000,0.000,0.000,0,0
buterdr01,2017,1,KCR,AL,75,163,18,37,4,1,3,14,0,0,12,41,0,1,1,0,0,0.227,177,0.284,0.319,0.603,60,52
butleed01,2017,1,CHC,NL,12,15,0,1,0,0,0,0,0,0,1,6,0,0,3,0,0,0.067,19,0.125,0.067,0.192,-48,1
buxtoby01,2017,1,MIN,AL,140,462,69,117,14,6,16,51,29,1,38,150,2,4,5,2,1,0.253,511,0.314,0.413,0.728,94,191
cabreas01,2017,1,NYM,NL,135,479,66,134,32,0,14,59,3,2,50,83,1,5,1,5,19,0.280,540,0.351,0.434,0.785,107,208
cabreme01,2017,1,KCR,AL,58,223,24,60,13,2,4,29,1,2,11,22,0,1,0,3,12,0.269,238,0.303,0.399,0.702,85,89
cabreme01,2017,2,CHW,AL,98,397,54,117,17,0,13,56,0,0,25,52,1,1,2,3,7,0.295,428,0.336,0.436,0.771,107,173
cabremi01,2017,1,DET,AL,130,469,50,117,22,0,16,60,0,1,54,110,6,3,0,3,15,0.249,529,0.329,0.399,0.728,92,187
cahiltr01,2017,1,KCR,AL,1,1,0,0,0,0,0,0,0,0,0,1,0,0,0,0,0,0.000,1,0.000,0.000,0.000,-100,0
cahiltr01,2017,2,SDP,NL,9,13,1,4,1,0,0,2,0,0,1,3,0,0,3,0,0,0.308,17,0.357,0.385,0.742,100,5
cainlo01,2017,1,KCR,AL,155,584,86,175,27,5,15,49,26,2,54,100,1,5,0,2,20,0.300,645,0.363,0.440,0.803,112,257
cainma01,2017,1,SFG,NL,24,32,1,5,2,0,0,2,0,0,0,20,0,0,2,0,0,0.156,34,0.156,0.219,0.375,-1,7
calhoko01,2017,1,LAA,AL,155,569,77,139,23,2,19,71,5,1,71,134,4,8,0,6,10,0.244,654,0.333,0.392,0.725,97,223
calhowi01,2017,1,TEX,AL,13,34,3,9,0,0,1,4,0,0,2,7,0,1,0,0,0,0.265,37,0.324,0.353,0.677,77,12
calixor01,2017,1,SFG,NL,29,49,5,7,1,0,0,6,1,0,3,16,0,0,1,2,1,0.143,55,0.185,0.163,0.348,-6,8
callaja01,2017,1,NYM,NL,8,0,0,0,0,0,0,0,0,0,0,0,0,0,0,0,0,0.000,0,0.000,0.000,0.000,0,0
camarjo01,2017,1,ATL,NL,82,241,30,72,21,2,4,27,0,0,12,51,2,0,2,1,5,0.299,256,0.331,0.452,0.783,104,109
candeje01,2017,1,CHC,NL,11,33,2,5,2,0,1,3,0,0,1,12,0,2,0,0,1,0.152,36,0.222,0.303,0.525,35,10
candeje01,2017,2,DET,AL,27,94,16,31,7,0,2,13,0,0,12,18,0,0,0,0,2,0.330,106,0.406,0.468,0.874,131,44
canhama01,2017,1,OAK,AL,57,173,16,36,13,1,5,14,2,0,7,56,0,6,0,1,5,0.208,187,0.262,0.382,0.644,72,66
canoro01,2017,1,SEA,AL,150,592,79,166,33,0,23,97,1,0,49,85,8,4,0,3,18,0.280,648,0.338,0.453,0.791,112,268
cappsca01,2017,1,SDP,NL,11,0,0,0,0,0,0,0,0,0,0,0,0,0,0,0,0,0.000,0,0.000,0.000,0.000,0,0
caratvi01,2017,1,CHC,NL,31,59,6,15,3,0,1,2,0,0,4,13,1,3,0,0,3,0.254,66,0.333,0.356,0.689,80,21
cardust01,2017,1,COL,NL,15,28,2,4,0,0,0,3,0,0,3,7,0,1,0,0,0,0.143,32,0.250,0.143,0.393,2,4
carlesh01,2017,1,COL,NL,3,0,0,0,0,0,0,0,0,0,0,0,0,0,0,0,0,0.000,0,0.000,0.000,0.000,0,0
carpema01,2017,1,STL,NL,145,497,91,120,31,2,23,69,2,1,109,125,4,9,2,5,5,0.241,622,0.384,0.451,0.835,120,224
carraca01,2017,1,CLE,AL,2,4,1,0,0,0,0,0,0,0,1,1,0,0,0,0,0,0.000,5,0.200,0.000,0.200,-40,0
carreez01,2017,1,TOR,AL,131,287,38,81,10,1,8,20,10,1,30,75,0,3,5,0,4,0.282,325,0.356,0.408,0.764,100,117
cartech02,2017,1,NYY,AL,62,184,20,37,5,1,8,26,0,0,20,76,0,2,0,2,5,0.201,208,0.284,0.370,0.653,71,68
casalcu01,2017,1,TBR,AL,9,9,2,3,0,0,1,3,0,0,3,3,0,0,0,1,0,0.333,13,0.462,0.667,1.128,205,6
cashnan01,2017,1,TEX,AL,2,5,0,1,0,0,0,1,0,0,0,2,0,0,1,1,0,0.200,7,0.167,0.200,0.367,-5,1
casteni01,2017,1,DET,AL,157,614,73,167,36,10,26,101,4,5,41,142,0,5,0,5,12,0.272,665,0.320,0.490,0.811,110,301
castifa01,2017,1,LAD,NL,2,0,0,0,0,0,0,0,0,0,0,0,0,0,0,0,0,0.000,0,0.000,0.000,0.000,0,0
castilu02,2017,1,CIN,NL,14,29,0,2,0,0,0,1,0,0,1,11,0,0,3,0,0,0.069,33,0.100,0.069,0.169,-54,2
castiwe01,2017,1,BAL,AL,96,341,44,96,11,0,20,53,0,0,22,97,0,0,0,2,10,0.282,365,0.323,0.490,0.813,115,167
castrja01,2017,1,MIN,AL,110,356,49,86,22,0,10,47,0,0,45,108,1,4,1,1,10,0.242,407,0.333,0.388,0.720,93,138
castrmi01,2017,1,BAL,AL,2,0,0,0,0,0,0,0,0,0,0,0,0,0,0,0,0,0.000,0,0.000,0.000,0.000,0,0
castrsi01,2017,1,OAK,AL,3,0,0,0,0,0,0,0,0,0,0,0,0,0,0,0,0,0.000,0,0.000,0.000,0.000,0,0
castrst01,2017,1,NYY,AL,112,443,66,133,18,1,16,63,2,0,23,93,1,4,0,3,9,0.300,473,0.338,0.454,0.792,106,201
cecchga02,2017,1,NYM,NL,32,77,4,16,2,0,1,7,0,1,4,19,1,1,0,0,3,0.208,82,0.256,0.273,0.529,41,21
cecilbr01,2017,1,STL,NL,68,1,0,0,0,0,0,0,0,0,0,0,0,0,0,0,0,0.000,1,0.000,0.000,0.000,-100,0
cecilda01,2017,1,TOR,AL,3,5,2,2,1,0,1,3,0,0,0,0,0,0,0,0,0,0.400,5,0.400,1.200,1.600,294,6
centeju01,2017,1,HOU,AL,22,52,5,12,0,0,2,4,0,0,4,12,1,0,1,0,2,0.231,57,0.286,0.346,0.632,75,18
cervefr01,2017,1,PIT,NL,81,265,31,66,13,2,5,31,0,2,32,65,0,6,0,1,7,0.249,304,0.342,0.370,0.712,88,98
cervehu01,2017,1,MIA,NL,4,0,0,0,0,0,0,0,0,0,0,0,0,0,0,0,0,0.000,0,0.000,0.000,0.000,0,0
cespeyo01,2017,1,NYM,NL,81,291,46,85,17,2,17,42,0,1,26,61,5,2,0,2,7,0.292,321,0.352,0.540,0.892,132,157
chacial01,2017,1,CIN,NL,6,0,0,0,0,0,0,0,0,0,0,0,0,0,0,0,0,0.000,0,0.000,0.000,0.000,0,0
chacijh01,2017,1,SDP,NL,33,54,0,12,2,0,0,4,1,0,0,11,0,0,7,0,2,0.222,61,0.222,0.259,0.481,29,14
chafian01,2017,1,ARI,NL,68,0,0,0,0,0,0,0,0,0,0,0,0,0,0,0,0,0.000,0,0.000,0.000,0.000,0,0
chapmar01,2017,1,NYY,AL,7,0,0,0,0,0,0,0,0,0,0,0,0,0,0,0,0,0.000,0,0.000,0.000,0.000,0,0
chapmma01,2017,1,OAK,AL,84,290,39,68,23,2,14,40,0,3,32,92,0,2,0,2,2,0.234,326,0.313,0.472,0.785,110,137
chatwty01,2017,1,COL,NL,33,39,5,6,1,0,0,2,0,0,1,9,0,0,7,0,0,0.154,47,0.175,0.179,0.354,-12,7
chaveje01,2017,1,LAA,AL,4,5,0,0,0,0,0,0,0,0,0,5,0,0,1,0,0,0.000,6,0.000,0.000,0.000,-100,0
chenwe02,2017,1,MIA,NL,8,8,0,1,0,0,0,0,0,0,0,3,0,0,0,0,0,0.125,8,0.125,0.125,0.250,-32,1
chiriro01,2017,1,TEX,AL,88,263,46,67,13,1,17,38,1,0,34,79,0,10,1,1,5,0.255,309,0.360,0.506,0.866,122,133
chiselo01,2017,1,CLE,AL,82,236,34,68,17,1,12,53,2,2,25,55,2,3,3,3,6,0.288,270,0.360,0.521,0.881,126,123
choiji01,2017,1,NYY,AL,6,15,2,4,1,0,2,5,0,0,2,5,0,0,0,1,1,0.267,18,0.333,0.733,1.067,169,11
choosh01,2017,1,TEX,AL,149,544,96,142,20,1,22,78,12,3,77,134,1,7,3,5,18,0.261,636,0.357,0.423,0.780,103,230
cingrto01,2017,1,CIN,NL,22,0,0,0,0,0,0,0,0,0,0,0,0,0,0,0,0,0.000,0,0.000,0.000,0.000,0,0
cingrto01,2017,2,LAD,NL,21,0,0,0,0,0,0,0,0,0,0,0,0,0,0,0,0,0.000,0,0.000,0.000,0.000,0,0
cishest01,2017,1,TBR,AL,2,0,0,0,0,0,0,0,0,0,0,0,0,0,0,0,0,0.000,0,0.000,0.000,0.000,0,0
claudal01,2017,1,TEX,AL,7,0,0,0,0,0,0,0,0,0,0,0,0,0,0,0,0,0.000,0,0.000,0.000,0.000,0,0
clevimi01,2017,1,CLE,AL,2,2,0,0,0,0,0,0,0,0,0,1,0,0,1,0,0,0.000,3,0.000,0.000,0.000,-100,0
clippty01,2017,1,NYY,AL,5,0,0,0,0,0,0,0,0,0,0,0,0,0,0,0,0,0.000,0,0.000,0.000,0.000,0,0
clippty01,2017,2,CHW,AL,1,0,0,0,0,0,0,0,0,0,0,0,0,0,0,0,0,0.000,0,0.000,0.000,0.000,0,0
clippty01,2017,3,HOU,AL,1,0,0,0,0,0,0,0,0,0,0,0,0,0,0,0,0,0.000,0,0.000,0.000,0.000,0,0
cobbal01,2017,1,TBR,AL,2,6,0,0,0,0,0,0,0,0,0,4,0,0,0,0,0,0.000,6,0.000,0.000,0.000,-100,0
coghlch01,2017,1,TOR,AL,36,75,7,15,2,0,1,5,0,0,9,22,0,2,1,1,2,0.200,88,0.299,0.267,0.566,51,20
coleaj01,2017,1,WSN,NL,11,14,0,2,0,0,0,0,0,0,2,5,0,0,0,0,0,0.143,16,0.250,0.143,0.393,6,2
colege01,2017,1,PIT,NL,32,55,3,9,1,0,1,3,0,0,1,21,0,0,12,0,1,0.164,68,0.179,0.236,0.415,8,13
colemdu01,2017,1,SDP,NL,27,66,6,15,3,0,4,9,1,0,2,33,0,2,0,1,1,0.227,71,0.268,0.455,0.722,89,30
collity01,2017,1,DET,AL,49,150,18,29,4,1,5,14,0,4,18,55,0,0,0,1,2,0.193,169,0.278,0.333,0.611,61,50
collmjo01,2017,1,ATL,NL,10,0,0,0,0,0,0,0,0,0,0,0,0,0,0,0,0,0.000,0,0.000,0.000,0.000,0,0
colomal01,2017,1,TBR,AL,6,0,0,0,0,0,0,0,0,0,0,0,0,0,0,0,0,0.000,0,0.000,0.000,0.000,0,0
colonba01,2017,1,ATL,NL,10,15,1,0,0,0,0,0,0,0,0,8,0,0,0,0,1,0.000,15,0.000,0.000,0.000,-100,0
colonba01,2017,2,MIN,AL,2,4,0,0,0,0,0,0,0,0,0,2,0,0,1,0,0,0.000,5,0.000,0.000,0.000,-100,0
colonch01,2017,1,MIA,NL,17,33,3,5,1,0,0,0,0,0,4,7,1,0,1,0,2,0.152,38,0.243,0.182,0.425,18,6
colonch01,2017,2,KCR,AL,7,17,1,3,0,0,0,0,0,0,1,3,0,0,1,0,2,0.176,19,0.222,0.176,0.399,9,3
confomi01,2017,1,NYM,NL,109,373,72,104,20,1,27,68,2,0,57,113,5,8,0,2,3,0.279,440,0.384,0.555,0.939,145,207
conlead01,2017,1,MIA,NL,20,24,3,3,0,0,0,0,0,0,2,14,0,0,6,0,0,0.125,32,0.192,0.125,0.317,-11,3
contrwi01,2017,1,CHC,NL,117,377,50,104,21,0,21,74,5,4,45,98,2,3,1,2,13,0.276,428,0.356,0.499,0.855,119,188
coopega03,2017,1,NYY,AL,13,43,3,14,5,1,0,6,0,0,1,12,0,0,0,1,0,0.326,45,0.333,0.488,0.822,113,21
corbipa01,2017,1,ARI,NL,33,56,6,7,0,1,0,0,0,0,6,28,0,0,8,0,0,0.125,70,0.210,0.161,0.370,-4,9
cordefr02,2017,1,SDP,NL,30,92,15,21,3,3,3,9,1,1,6,44,0,0,1,0,0,0.228,99,0.276,0.424,0.699,84,39
cordoal01,2017,1,SDP,NL,100,202,17,42,2,2,4,15,2,2,18,54,1,4,0,3,2,0.208,227,0.282,0.297,0.579,56,60
correca01,2017,1,HOU,AL,109,422,82,133,25,1,24,84,2,1,53,92,5,2,0,4,12,0.315,481,0.391,0.550,0.941,158,232
cosarja01,2017,1,SDP,NL,7,4,0,0,0,0,0,0,0,0,0,2,0,0,2,0,0,0.000,6,0.000,0.000,0.000,-100,0
cottojh01,2017,1,OAK,AL,1,2,0,0,0,0,0,0,0,0,0,1,0,0,0,0,0,0.000,2,0.000,0.000,0.000,-100,0
couloda01,2017,1,OAK,AL,7,0,0,0,0,0,0,0,0,0,0,0,0,0,0,0,0,0.000,0,0.000,0.000,0.000,0,0
coveydy01,2017,1,CHW,AL,1,1,0,0,0,0,0,0,0,0,0,1,0,0,0,0,0,0.000,1,0.000,0.000,0.000,-100,0
cowarka01,2017,1,LAA,AL,50,102,18,23,5,1,3,11,4,2,10,28,1,3,2,0,4,0.225,117,0.313,0.382,0.695,89,39
cozarza01,2017,1,CIN,NL,122,438,80,130,24,7,24,63,3,0,62,78,0,3,0,4,5,0.297,507,0.385,0.548,0.933,141,240
crawfbr01,2017,1,SFG,NL,144,518,58,131,34,1,14,77,3,5,42,113,3,1,0,9,18,0.253,570,0.305,0.403,0.709,87,209
crawfjp01,2017,1,PHI,NL,23,70,8,15,4,1,0,6,1,0,16,22,0,0,0,1,1,0.214,87,0.356,0.300,0.656,78,21
crickky01,2017,1,SFG,NL,27,0,0,0,0,0,0,0,0,0,0,0,0,0,0,0,0,0.000,0,0.000,0.000,0.000,0,0
crockky01,2017,1,CLE,AL,1,0,0,0,0,0,0,0,0,0,0,0,0,0,0,0,0,0.000,0,0.000,0.000,0.000,0,0
croncj01,2017,1,LAA,AL,100,339,39,84,14,1,16,56,3,2,22,96,0,7,0,3,5,0.248,373,0.305,0.437,0.741,99,148
cruzne02,2017,1,SEA,AL,155,556,91,160,28,0,39,119,1,1,70,140,7,12,0,7,15,0.288,645,0.375,0.549,0.924,146,305
cuetojo01,2017,1,SFG,NL,25,46,3,4,0,0,0,3,0,0,1,15,0,0,4,1,0,0.087,52,0.104,0.087,0.191,-48,4
culbech01,2017,1,LAD,NL,15,13,0,2,1,0,0,1,0,0,2,4,0,0,0,0,2,0.154,15,0.267,0.231,0.497,34,3
curtiza01,2017,1,PHI,NL,3,0,0,0,0,0,0,0,0,0,0,0,0,0,0,0,0,0.000,0,0.000,0.000,0.000,0,0
cuthbch01,2017,1,KCR,AL,58,143,10,33,7,0,2,18,0,0,9,39,0,0,0,1,2,0.231,153,0.275,0.322,0.596,58,46
darnach01,2017,1,SDP,NL,22,49,5,7,2,0,1,3,5,1,2,17,1,0,0,0,0,0.143,51,0.176,0.245,0.421,12,12
darnach01,2017,2,ATL,NL,11,8,5,3,0,0,0,0,0,0,2,3,0,0,0,0,0,0.375,10,0.500,0.375,0.875,138,3
darnach01,2017,3,BOS,AL,2,1,2,1,0,0,0,0,0,0,0,0,0,0,0,0,0,1.000,1,1.000,1.000,2.000,430,1
darnatr01,2017,1,NYM,NL,112,348,39,85,19,1,16,57,0,0,23,59,3,2,0,3,12,0.244,376,0.293,0.443,0.735,91,154
darviyu01,2017,1,LAD,NL,9,17,0,1,0,0,0,0,0,0,1,14,0,0,2,0,0,0.059,20,0.111,0.059,0.170,-53,1
davidma02,2017,1,CHW,AL,118,414,43,91,16,1,26,68,0,1,19,165,0,5,0,5,12,0.220,443,0.260,0.452,0.711,87,187
davieza02,2017,1,MIL,NL,32,48,7,6,2,0,0,3,0,0,7,15,0,0,14,0,1,0.125,69,0.236,0.167,0.403,9,8
davisch02,2017,1,BAL,AL,128,456,65,98,15,1,26,61,1,1,61,195,4,3,0,4,7,0.215,524,0.309,0.423,0.732,95,193
davisjd01,2017,1,HOU,AL,24,62,8,14,4,0,4,7,1,1,4,20,0,1,0,1,3,0.226,68,0.279,0.484,0.763,107,30
daviskh01,2017,1,OAK,AL,153,566,91,140,28,1,43,110,4,0,73,195,1,6,0,7,20,0.247,652,0.336,0.528,0.864,130,299
davisra01,2017,1,OAK,AL,100,300,49,70,17,2,5,18,26,6,26,70,1,0,1,1,10,0.233,328,0.294,0.353,0.647,76,106
davisra01,2017,2,TOT,AL,117,336,56,79,19,2,5,20,29,7,27,83,1,1,1,1,12,0.235,366,0.293,0.348,0.641,74,117
davisra01,2017,3,BOS,AL,17,36,7,9,2,0,0,2,3,1,1,13,0,1,0,0,2,0.250,38,0.289,0.306,0.595,57,11
davisro03,2017,1,CIN,NL,7,6,0,1,1,0,0,0,0,0,0,5,0,1,1,0,0,0.167,8,0.286,0.333,0.619,62,2
davista01,2017,1,CHC,NL,8,13,1,3,1,0,0,1,0,0,0,4,0,0,0,0,0,0.231,13,0.231,0.308,0.538,38,4
daviswa01,2017,1,CHC,NL,56,0,0,0,0,0,0,0,0,0,0,0,0,0,0,0,0,0.000,0,0.000,0.000,0.000,0,0
daytogr01,2017,1,LAD,NL,26,0,0,0,0,0,0,0,0,0,0,0,0,0,0,0,0,0.000,0,0.000,0.000,0.000,0,0
deazaal01,2017,1,WSN,NL,28,62,8,12,2,3,0,9,1,0,3,16,1,0,3,2,1,0.194,70,0.224,0.323,0.546,39,20
deckeja01,2017,1,OAK,AL,17,50,4,10,1,1,0,1,1,1,8,17,0,1,3,0,1,0.200,62,0.322,0.260,0.582,62,13
degroja01,2017,1,NYM,NL,34,71,6,15,1,0,1,4,1,0,2,22,0,0,4,0,0,0.211,77,0.233,0.268,0.500,33,19
dejonpa01,2017,1,STL,NL,108,417,55,119,26,1,25,65,1,0,21,124,1,4,0,1,8,0.285,443,0.325,0.532,0.857,121,222
delarru01,2017,1,ARI,NL,9,0,0,0,0,0,0,0,0,0,0,0,0,0,0,0,0,0.000,0,0.000,0.000,0.000,0,0
delgara01,2017,1,ARI,NL,25,8,0,0,0,0,0,0,0,0,0,3,0,0,1,0,0,0.000,9,0.000,0.000,0.000,-100,0
delmoni01,2017,1,CHW,AL,43,141,25,37,4,0,9,23,2,0,23,31,0,2,0,0,5,0.262,166,0.373,0.482,0.856,129,68
dendema01,2017,1,DET,AL,4,7,1,1,0,0,0,0,0,0,1,4,0,0,0,0,0,0.143,8,0.250,0.143,0.393,9,1
dermoma01,2017,1,TOR,AL,1,0,0,0,0,0,0,0,0,0,0,0,0,0,0,0,0,0.000,0,0.000,0.000,0.000,0,0
descada01,2017,1,ARI,NL,130,344,47,80,16,5,10,51,4,0,48,89,0,4,0,2,6,0.233,398,0.332,0.395,0.727,82,136
deshide02,2017,1,TEX,AL,120,376,75,101,15,2,6,22,29,8,44,109,0,3,13,4,2,0.269,440,0.347,0.367,0.714,87,138
desmoia01,2017,1,COL,NL,95,339,47,93,11,1,7,40,15,4,24,87,1,4,2,4,13,0.274,373,0.326,0.375,0.701,73,127
despaod01,2017,1,MIA,NL,18,19,0,2,0,0,0,1,0,0,0,5,0,0,1,0,0,0.105,20,0.105,0.105,0.211,-43,2
devench02,2017,1,HOU,AL,3,1,0,0,0,0,0,0,0,0,0,1,0,0,0,0,0,0.000,1,0.000,0.000,0.000,-100,0
deverra01,2017,1,BOS,AL,58,222,34,63,14,0,10,30,3,1,18,57,3,0,0,0,5,0.284,240,0.338,0.482,0.819,112,107
diazal02,2017,1,STL,NL,79,286,31,74,17,0,7,20,4,1,13,42,1,0,1,1,9,0.259,301,0.290,0.392,0.682,78,112
diazed04,2017,1,SEA,AL,6,1,0,0,0,0,0,0,0,0,0,1,0,0,0,0,0,0.000,1,0.000,0.000,0.000,-100,0
diazel01,2017,1,PIT,NL,64,188,18,42,14,0,1,19,1,0,11,38,0,0,0,1,8,0.223,200,0.265,0.314,0.579,52,59
diazja01,2017,1,COL,NL,4,0,0,0,0,0,0,0,0,0,0,0,0,0,0,0,0,0.000,0,0.000,0.000,0.000,0,0
diazju03,2017,1,TBR,AL,2,0,0,0,0,0,0,0,0,0,0,0,0,0,0,0,0,0.000,0,0.000,0.000,0.000,0,0
diazmi02,2017,1,SDP,NL,31,3,0,0,0,0,0,0,0,0,0,0,0,0,1,0,0,0.000,4,0.000,0.000,0.000,-100,0
diazya01,2017,1,CLE,AL,49,156,25,41,8,1,0,13,2,0,21,35,0,1,0,1,5,0.263,179,0.352,0.327,0.679,80,51
dickeco01,2017,1,TBR,AL,150,588,84,166,33,4,27,62,4,3,35,152,6,3,0,2,11,0.282,629,0.325,0.490,0.815,120,288
dicker.01,2017,1,ATL,NL,30,61,0,9,0,0,0,5,0,0,0,12,0,0,7,0,0,0.148,68,0.148,0.148,0.295,-21,9
dicksok01,2017,1,LAD,NL,7,7,0,1,0,0,0,0,0,0,2,2,1,0,0,0,0,0.143,9,0.333,0.143,0.476,34,1
diekmja01,2017,1,TEX,AL,1,0,0,0,0,0,0,0,0,0,0,0,0,0,0,0,0,0.000,0,0.000,0.000,0.000,0,0
dietrde01,2017,1,MIA,NL,135,406,56,101,22,5,13,53,0,1,36,98,5,18,0,4,4,0.249,464,0.334,0.424,0.758,103,172
difowi01,2017,1,WSN,NL,124,332,47,90,10,4,5,21,10,1,24,74,6,1,5,3,7,0.271,365,0.319,0.370,0.690,78,123
donaljo02,2017,1,TOR,AL,113,415,65,112,21,0,33,78,2,2,76,111,1,3,0,2,5,0.270,496,0.385,0.559,0.944,144,232
doolise01,2017,1,WSN,NL,27,0,0,0,0,0,0,0,0,0,0,0,0,0,0,0,0,0.000,0,0.000,0.000,0.000,0,0
doziebr01,2017,1,MIN,AL,152,617,106,167,30,4,34,93,16,7,78,141,6,8,0,2,11,0.271,705,0.359,0.498,0.856,127,307
drakeol01,2017,1,MIL,NL,58,0,0,0,0,0,0,0,0,0,0,0,0,0,0,0,0,0.000,0,0.000,0.000,0.000,0,0
drewst01,2017,1,WSN,NL,46,95,9,24,7,0,1,17,0,0,8,21,0,0,0,3,2,0.253,106,0.302,0.358,0.660,70,34
drurybr01,2017,1,ARI,NL,135,445,41,119,37,2,13,63,1,1,28,103,1,5,0,2,9,0.267,480,0.317,0.447,0.764,89,199
dudalu01,2017,1,TBR,AL,52,171,20,30,7,0,13,27,0,0,23,62,2,4,0,2,3,0.175,200,0.285,0.444,0.729,96,76
dudalu01,2017,2,NYM,NL,75,252,30,62,21,0,17,37,0,0,37,73,4,2,0,0,6,0.246,291,0.347,0.532,0.879,129,134
duensbr01,2017,1,CHC,NL,65,4,0,0,0,0,0,0,0,0,0,3,0,0,0,0,1,0.000,4,0.000,0.000,0.000,-100,0
duffety01,2017,1,MIN,AL,2,0,0,0,0,0,0,0,0,0,0,0,0,0,0,0,0,0.000,0,0.000,0.000,0.000,0,0
duffyda01,2017,1,KCR,AL,1,2,0,1,0,0,0,0,0,0,0,1,0,0,0,0,0,0.500,2,0.500,0.500,1.000,168,1
dukeza01,2017,1,STL,NL,25,0,0,0,0,0,0,0,0,0,0,0,0,0,0,0,0,0.000,0,0.000,0.000,0.000,0,0
dullry01,2017,1,OAK,AL,3,0,0,0,0,0,0,0,0,0,0,0,0,0,0,0,0,0.000,0,0.000,0.000,0.000,0,0
dunnmi01,2017,1,COL,NL,63,0,0,0,0,0,0,0,0,0,0,0,0,0,0,0,0,0.000,0,0.000,0.000,0.000,0,0
duvalad01,2017,1,CIN,NL,157,587,78,146,37,3,31,99,5,3,39,170,1,10,0,11,11,0.249,647,0.301,0.480,0.782,100,282
dygesje01,2017,1,PHI,NL,14,2,0,0,0,0,0,0,0,0,0,2,0,0,0,0,0,0.000,2,0.000,0.000,0.000,-100,0
dysonja01,2017,1,SEA,AL,111,346,56,87,13,3,5,30,28,7,28,55,2,10,4,2,3,0.251,390,0.324,0.350,0.674,83,121
dysonsa01,2017,1,SFG,NL,36,0,0,0,0,0,0,0,0,0,0,0,0,0,0,0,0,0.000,0,0.000,0.000,0.000,0,0
eatonad02,2017,1,WSN,NL,23,91,24,27,7,1,2,13,3,1,14,18,0,1,0,1,0,0.297,107,0.393,0.462,0.854,120,42
edginjo01,2017,1,NYM,NL,44,0,0,0,0,0,0,0,0,0,0,0,0,0,0,0,0,0.000,0,0.000,0.000,0.000,0,0
edwarca01,2017,1,CHC,NL,68,1,1,0,0,0,0,0,0,0,0,1,0,0,0,0,0,0.000,1,0.000,0.000,0.000,-100,0
eflinza01,2017,1,PHI,NL,10,21,1,3,0,0,0,2,0,0,0,13,0,0,1,0,0,0.143,22,0.143,0.143,0.286,-23,3
eibnebr01,2017,1,LAD,NL,17,33,3,6,0,0,2,6,0,0,2,17,0,1,0,0,0,0.182,36,0.250,0.364,0.614,60,12
eickhje01,2017,1,PHI,NL,21,31,3,5,1,0,0,0,0,0,0,13,0,0,3,0,0,0.161,34,0.161,0.194,0.355,-6,6
ellinbr02,2017,1,MIA,NL,40,1,0,0,0,0,0,0,0,0,0,0,0,0,0,0,0,0.000,1,0.000,0.000,0.000,-100,0
ellisaj01,2017,1,MIA,NL,51,143,17,30,5,0,6,14,0,0,12,29,0,6,2,0,6,0.210,163,0.298,0.371,0.669,80,53
ellsbja01,2017,1,NYY,AL,112,356,65,94,20,4,7,39,22,3,41,63,3,5,2,0,7,0.264,409,0.348,0.402,0.750,97,143
encared01,2017,1,CLE,AL,157,554,96,143,20,1,38,107,2,0,104,133,5,5,0,5,18,0.258,669,0.377,0.504,0.881,128,279
engelad01,2017,1,CHW,AL,97,301,34,50,11,3,6,21,8,1,19,117,0,8,8,0,1,0.166,336,0.235,0.282,0.517,39,85
ennsdi01,2017,1,MIN,AL,1,2,0,1,0,0,0,0,0,0,0,1,0,0,0,0,0,0.500,2,0.500,0.500,1.000,172,1
ervinph01,2017,1,CIN,NL,28,58,8,15,2,0,3,10,4,1,4,15,0,1,1,0,1,0.259,64,0.317,0.448,0.766,98,26
eschja01,2017,1,SDP,NL,1,0,0,0,0,0,0,0,0,0,0,0,0,0,0,0,0,0.000,0,0.000,0.000,0.000,0,0
escobal02,2017,1,KCR,AL,162,599,71,150,36,5,6,54,4,7,15,102,1,4,7,4,14,0.250,629,0.272,0.357,0.629,65,214
escobed01,2017,1,MIN,AL,129,457,62,116,16,5,21,73,5,1,33,98,3,5,1,3,5,0.254,499,0.309,0.449,0.758,100,205
escobyu01,2017,1,LAA,AL,89,350,43,96,20,1,7,31,1,4,29,51,0,2,0,0,15,0.274,381,0.333,0.397,0.730,98,139
espinda01,2017,1,LAA,AL,77,228,27,37,8,0,6,29,3,5,19,91,1,4,1,2,2,0.162,254,0.237,0.276,0.513,40,63
espinda01,2017,2,SEA,AL,8,16,2,3,2,0,0,2,1,0,1,7,0,0,0,0,0,0.188,17,0.235,0.313,0.548,47,5
espinda01,2017,3,TBR,AL,8,22,1,6,0,0,0,0,0,0,1,11,0,1,0,0,0,0.273,24,0.333,0.273,0.606,71,6
espinpa01,2017,1,MIL,NL,6,4,0,1,0,0,0,0,0,0,0,1,0,0,1,0,0,0.250,5,0.250,0.250,0.500,32,1
estevca01,2017,1,COL,NL,32,0,0,0,0,0,0,0,0,0,0,0,0,0,0,0,0,0.000,0,0.000,0.000,0.000,0,0
estrama01,2017,1,TOR,AL,2,4,0,0,0,0,0,0,0,0,0,3,0,0,0,0,0,0.000,4,0.000,0.000,0.000,-100,0
ethiean01,2017,1,LAD,NL,22,34,3,8,1,0,2,3,0,0,4,10,1,0,0,0,0,0.235,38,0.316,0.441,0.757,98,15
evansph01,2017,1,NYM,NL,19,33,4,10,2,0,0,1,0,0,4,8,0,1,0,0,0,0.303,38,0.395,0.364,0.758,104,12
familje01,2017,1,NYM,NL,25,1,0,0,0,0,0,0,0,0,0,1,0,0,0,0,0,0.000,1,0.000,0.000,0.000,-100,0
farmeky01,2017,1,LAD,NL,20,20,1,6,1,0,0,2,0,0,0,3,0,0,0,0,2,0.300,20,0.300,0.350,0.650,72,7
farquda01,2017,1,TBR,AL,2,0,0,0,0,0,0,0,0,0,0,0,0,0,0,0,0,0.000,0,0.000,0.000,0.000,0,0
farrelu01,2017,1,CIN,NL,9,0,0,0,0,0,0,0,0,0,0,0,0,0,0,0,0,0.000,0,0.000,0.000,0.000,0,0
feathta01,2017,1,TBR,AL,17,39,6,7,1,0,2,6,1,0,5,15,0,1,0,2,1,0.179,47,0.277,0.359,0.636,73,14
feddeer01,2017,1,WSN,NL,3,4,0,0,0,0,0,0,0,0,0,3,0,0,1,0,0,0.000,5,0.000,0.000,0.000,-100,0
federti01,2017,1,SFG,NL,13,13,3,3,0,0,2,3,0,0,1,4,0,0,0,0,1,0.231,14,0.286,0.692,0.978,148,9
feldmsc01,2017,1,CIN,NL,20,34,0,1,0,0,0,0,0,0,0,16,0,0,4,0,0,0.029,38,0.029,0.029,0.059,-84,1
felizmi01,2017,1,HOU,AL,3,1,0,0,0,0,0,0,0,0,0,1,0,0,0,0,0,0.000,1,0.000,0.000,0.000,-100,0
felizne01,2017,1,MIL,NL,27,0,0,0,0,0,0,0,0,0,0,0,0,0,0,0,0,0.000,0,0.000,0.000,0.000,0,0
felizne01,2017,2,KCR,AL,3,0,0,0,0,0,0,0,0,0,0,0,0,0,0,0,0,0.000,0,0.000,0.000,0.000,0,0
ferreje01,2017,1,DET,AL,1,0,0,0,0,0,0,0,0,0,0,0,0,0,0,0,0,0.000,0,0.000,0.000,0.000,0,0
fieldjo03,2017,1,LAD,NL,55,0,0,0,0,0,0,0,0,0,0,0,0,0,0,0,0,0.000,0,0.000,0.000,0.000,0,0
fienca01,2017,1,PHI,NL,3,0,0,0,0,0,0,0,0,0,0,0,0,0,0,0,0,0.000,0,0.000,0.000,0.000,0,0
fiersmi01,2017,1,HOU,AL,2,1,1,0,0,0,0,0,0,0,0,1,0,0,0,0,0,0.000,1,0.000,0.000,0.000,-100,0
finnebr01,2017,1,CIN,NL,5,5,0,0,0,0,0,0,0,0,0,1,0,0,1,0,1,0.000,6,0.000,0.000,0.000,-100,0
fishede01,2017,1,HOU,AL,53,146,21,31,4,1,5,17,3,3,17,54,1,3,0,0,1,0.212,166,0.307,0.356,0.663,85,52
fistedo01,2017,1,BOS,AL,1,2,0,0,0,0,0,0,0,0,0,0,0,0,0,0,0,0.000,2,0.000,0.000,0.000,-100,0
flaheja01,2017,1,STL,NL,6,6,0,0,0,0,0,0,0,0,0,2,0,0,0,0,0,0.000,6,0.000,0.000,0.000,-100,0
flahery01,2017,1,BAL,AL,23,38,5,8,1,0,0,4,0,0,4,10,0,1,0,0,0,0.211,43,0.302,0.237,0.539,50,9
flexech01,2017,1,NYM,NL,13,13,0,2,1,0,0,0,0,0,0,7,0,0,1,0,0,0.154,14,0.154,0.231,0.385,0,3
florera02,2017,1,LAA,AL,3,8,0,1,0,0,0,1,0,0,0,1,0,0,0,1,0,0.125,9,0.111,0.125,0.236,-36,1
florewi01,2017,1,NYM,NL,110,336,42,91,17,1,18,52,1,1,17,54,1,3,0,6,14,0.271,362,0.307,0.488,0.795,106,164
floripe01,2017,1,PHI,NL,15,46,6,16,4,1,0,6,0,0,3,16,0,0,0,0,1,0.348,49,0.388,0.478,0.866,130,22
florody01,2017,1,CHC,NL,3,4,0,0,0,0,0,0,0,0,0,2,0,0,0,0,1,0.000,4,0.000,0.000,0.000,-100,0
flowety01,2017,1,ATL,NL,99,317,41,89,16,0,12,49,0,1,31,82,1,20,0,2,6,0.281,370,0.378,0.445,0.823,117,141
foltymi01,2017,1,ATL,NL,28,42,1,2,0,0,0,0,0,0,0,27,0,0,7,0,0,0.048,49,0.048,0.048,0.095,-75,2
fontano01,2017,1,LAA,AL,12,20,1,1,0,0,1,1,1,1,3,8,0,0,0,0,1,0.050,23,0.174,0.200,0.374,2,4
fontwi01,2017,1,LAD,NL,3,0,0,0,0,0,0,0,0,0,0,0,0,0,0,0,0,0.000,0,0.000,0.000,0.000,0,0
forsylo01,2017,1,LAD,NL,119,361,56,81,19,0,6,36,3,2,69,109,1,4,0,5,12,0.224,439,0.351,0.327,0.678,82,118
fowlede01,2017,1,STL,NL,118,420,68,111,22,9,18,64,7,3,63,101,6,4,0,4,10,0.264,491,0.363,0.488,0.851,122,205
fowledu01,2017,1,NYY,AL,1,0,0,0,0,0,0,0,0,0,0,0,0,0,0,0,0,0.000,0,0.000,0.000,0.000,0,0
francma02,2017,1,PHI,NL,154,575,66,132,29,1,24,76,0,0,41,95,3,2,0,5,21,0.230,623,0.281,0.409,0.690,81,235
frankni01,2017,1,LAA,AL,13,24,2,3,1,0,0,2,0,0,5,3,0,1,0,0,0,0.125,30,0.300,0.167,0.467,33,4
frankni01,2017,2,MIL,NL,53,82,7,16,2,1,2,10,2,0,5,19,0,2,0,0,1,0.195,89,0.258,0.317,0.576,49,26
frankse01,2017,1,CHC,NL,1,0,0,0,0,0,0,0,0,0,0,0,0,0,0,0,0,0.000,0,0.000,0.000,0.000,0,0
fraziad01,2017,1,PIT,NL,121,406,55,112,20,6,6,53,9,5,36,57,2,8,1,3,9,0.276,454,0.344,0.399,0.743,95,162
frazicl01,2017,1,NYY,AL,39,134,16,31,9,4,4,17,1,0,7,43,0,0,0,1,2,0.231,142,0.268,0.448,0.715,84,60
frazito01,2017,1,CHW,AL,81,280,41,58,15,0,16,44,4,3,48,71,1,4,0,3,4,0.207,335,0.328,0.432,0.761,103,121
frazito01,2017,2,NYY,AL,66,194,33,43,4,1,11,32,0,0,35,54,1,10,0,2,6,0.222,241,0.365,0.423,0.788,107,82
freelky01,2017,1,COL,NL,33,52,3,8,1,0,1,2,0,0,1,30,0,0,3,0,0,0.154,56,0.170,0.231,0.401,-2,12
freemfr01,2017,1,ATL,NL,117,440,84,135,35,2,28,71,8,5,65,95,14,7,0,2,9,0.307,514,0.403,0.586,0.989,157,258
freemmi01,2017,1,LAD,NL,4,5,0,0,0,0,0,0,0,0,0,2,0,0,0,0,0,0.000,5,0.000,0.000,0.000,-100,0
freemmi01,2017,2,SEA,AL,16,30,3,2,0,0,1,1,0,0,4,9,1,0,0,0,0,0.067,34,0.176,0.167,0.343,-6,5
freemmi01,2017,3,CHC,NL,15,25,3,4,2,0,0,0,0,0,2,8,0,0,0,0,1,0.160,27,0.222,0.240,0.462,20,6
freemsa01,2017,1,ATL,NL,54,2,0,0,0,0,0,0,0,0,0,1,0,0,0,0,0,0.000,2,0.000,0.000,0.000,-100,0
freesda01,2017,1,PIT,NL,130,426,44,112,16,0,10,52,0,1,58,116,5,15,0,4,10,0.263,503,0.368,0.371,0.739,96,158
freitda01,2017,1,ATL,NL,6,17,2,4,2,0,0,2,0,0,0,4,0,0,0,0,1,0.235,17,0.235,0.353,0.588,53,6
friedma01,2017,1,ATL,NL,10,7,1,0,0,0,0,0,0,0,1,3,0,0,1,0,0,0.000,9,0.125,0.000,0.125,-62,0
fryerer01,2017,1,STL,NL,34,71,7,11,3,0,0,3,0,0,11,18,0,1,0,0,3,0.155,83,0.277,0.197,0.474,29,14
fuentre01,2017,1,ARI,NL,64,136,19,32,1,2,3,9,4,1,8,35,0,0,1,0,0,0.235,145,0.278,0.338,0.616,54,46
fulmemi01,2017,1,DET,AL,2,5,0,0,0,0,0,0,0,0,0,2,0,0,0,0,1,0.000,5,0.000,0.000,0.000,-100,0
galero01,2017,1,SDP,NL,3,10,1,1,0,0,1,2,0,0,0,2,0,0,0,0,0,0.100,10,0.100,0.400,0.500,25,4
gallaca01,2017,1,KCR,AL,13,24,2,6,1,0,1,5,0,0,3,4,0,0,0,0,1,0.250,27,0.333,0.417,0.750,98,10
gallayo01,2017,1,SEA,AL,1,2,0,1,0,0,0,0,0,0,0,0,0,0,0,0,0,0.500,2,0.500,0.500,1.000,174,1
gallojo01,2017,1,TEX,AL,145,449,85,94,18,3,41,80,7,2,75,196,1,8,0,0,3,0.209,532,0.333,0.537,0.869,121,241
galvifr01,2017,1,PHI,NL,162,608,71,155,29,6,12,61,14,5,45,111,2,4,2,4,12,0.255,663,0.309,0.382,0.690,83,232
gamelbe01,2017,1,SEA,AL,134,509,68,140,27,5,11,59,4,1,36,122,1,1,1,3,8,0.275,550,0.322,0.413,0.735,98,210
gantjo01,2017,1,STL,NL,7,3,0,0,0,0,0,0,0,0,0,0,0,0,0,0,0,0.000,3,0.000,0.000,0.000,-100,0
garciad01,2017,1,ATL,NL,52,173,19,41,4,0,5,19,4,0,7,23,0,2,0,1,9,0.237,183,0.273,0.347,0.620,63,60
garciav01,2017,1,CHW,AL,136,518,75,171,27,5,18,80,5,3,33,111,5,9,0,1,14,0.330,561,0.380,0.506,0.885,137,262
garcigr01,2017,1,STL,NL,133,241,27,61,9,2,2,20,2,1,37,64,0,6,5,1,6,0.253,290,0.365,0.332,0.697,87,80
garcija01,2017,1,OAK,AL,5,0,0,0,0,0,0,0,0,0,0,0,0,0,0,0,0,0.000,0,0.000,0.000,0.000,0,0
garcija02,2017,1,NYY,AL,1,2,0,0,0,0,0,0,0,0,0,1,0,0,0,0,0,0.000,2,0.000,0.000,0.000,-100,0
garcija02,2017,2,ATL,NL,15,31,2,5,1,0,1,7,0,0,1,7,0,0,3,0,0,0.161,35,0.188,0.290,0.478,24,9
garcija04,2017,1,MIA,NL,64,0,0,0,0,0,0,0,0,0,0,0,0,0,0,0,0,0.000,0,0.000,0.000,0.000,0,0
garcile02,2017,1,CHW,AL,87,300,41,81,15,2,9,33,8,5,13,69,0,8,3,2,4,0.270,326,0.316,0.423,0.739,97,127
garcilu03,2017,1,PHI,NL,63,0,0,0,0,0,0,0,0,0,0,0,0,0,0,0,0,0.000,0,0.000,0.000,0.000,0,0
garciwi01,2017,1,CHW,AL,44,105,15,25,5,3,2,12,0,0,11,31,0,0,1,2,2,0.238,119,0.305,0.400,0.705,89,42
gardeni01,2017,1,TEX,AL,2,0,0,0,0,0,0,0,0,0,0,0,0,0,0,0,0,0.000,0,0.000,0.000,0.000,0,0
gardnbr01,2017,1,NYY,AL,151,594,96,157,26,4,21,63,23,5,72,122,2,8,5,3,4,0.264,682,0.350,0.428,0.778,104,254
garnedu01,2017,1,OAK,AL,19,44,5,7,1,0,1,3,0,0,8,12,0,0,0,0,2,0.159,52,0.288,0.250,0.538,50,11
garnedu01,2017,2,COL,NL,22,68,5,14,7,0,1,6,0,0,4,24,0,1,1,0,1,0.206,74,0.260,0.353,0.613,50,24
garream01,2017,1,CIN,NL,15,19,1,1,1,0,0,1,0,0,0,6,0,0,4,0,3,0.053,23,0.053,0.105,0.158,-60,2
garvemi01,2017,1,MIN,AL,23,46,5,9,1,3,0,3,0,0,6,15,0,0,0,0,1,0.196,52,0.288,0.348,0.636,71,16
garzama01,2017,1,MIL,NL,23,35,1,3,0,0,0,1,0,0,0,13,0,1,1,0,0,0.086,37,0.111,0.086,0.197,-47,3
gattiev01,2017,1,HOU,AL,84,300,41,79,22,0,12,55,0,1,18,50,0,4,0,3,10,0.263,325,0.311,0.457,0.767,110,137
gausmke01,2017,1,BAL,AL,2,2,0,0,0,0,0,0,0,0,0,1,0,0,0,0,0,0.000,2,0.000,0.000,0.000,-100,0
gavigsa01,2017,1,SEA,AL,2,5,1,1,0,0,0,0,0,0,0,2,0,0,0,0,0,0.200,5,0.200,0.200,0.400,10,1
gearrco01,2017,1,SFG,NL,66,2,0,0,0,0,0,0,0,0,0,2,0,0,0,0,0,0.000,2,0.000,0.000,0.000,-100,0
gennesc01,2017,1,CIN,NL,141,461,80,136,22,3,27,97,3,2,30,114,1,4,0,2,15,0.295,497,0.342,0.531,0.874,124,245
gentrcr01,2017,1,BAL,AL,77,101,17,26,5,1,2,11,5,4,11,24,0,1,3,1,1,0.257,117,0.333,0.386,0.719,94,39
giavojo01,2017,1,BAL,AL,7,10,0,1,0,0,0,0,1,0,0,4,0,0,0,0,0,0.100,10,0.100,0.100,0.200,-45,1
gileske01,2017,1,HOU,AL,4,0,0,0,0,0,0,0,0,0,0,0,0,0,0,0,0,0.000,0,0.000,0.000,0.000,0,0
gillaco01,2017,1,SFG,NL,44,80,8,13,4,0,2,8,0,0,5,10,0,1,0,1,3,0.163,87,0.218,0.288,0.506,33,23
gilmase01,2017,1,NYM,NL,2,1,1,1,1,0,0,1,0,0,0,0,0,0,0,0,0,1.000,1,1.000,2.000,3.000,667,2
gimench01,2017,1,MIN,AL,74,186,28,41,9,0,7,16,1,0,33,60,0,4,2,0,3,0.220,225,0.350,0.382,0.731,97,71
givenmy01,2017,1,BAL,AL,4,0,0,0,0,0,0,0,0,0,0,0,0,0,0,0,0,0.000,0,0.000,0.000,0.000,0,0
glasnty01,2017,1,PIT,NL,18,17,1,5,0,0,0,3,0,0,4,7,0,1,1,0,0,0.294,23,0.455,0.294,0.749,104,5
gloveko01,2017,1,WSN,NL,22,0,0,0,0,0,0,0,0,0,0,0,0,0,0,0,0,0.000,0,0.000,0.000,0.000,0,0
godleza01,2017,1,ARI,NL,25,42,1,2,0,0,0,2,0,0,2,26,0,0,9,0,0,0.048,53,0.091,0.048,0.139,-63,2
goedder01,2017,1,NYM,NL,30,0,0,0,0,0,0,0,0,0,0,0,0,0,0,0,0,0.000,0,0.000,0.000,0.000,0,0
goforda01,2017,1,MIL,NL,1,0,0,0,0,0,0,0,0,0,0,0,0,0,0,0,0,0.000,0,0.000,0.000,0.000,0,0
goharlu01,2017,1,ATL,NL,5,9,0,0,0,0,0,0,0,0,0,7,0,0,1,0,1,0.000,10,0.000,0.000,0.000,-100,0
goinsry01,2017,1,TOR,AL,143,418,37,99,21,1,9,62,3,2,31,96,0,0,5,5,14,0.237,459,0.286,0.356,0.643,68,149
goldspa01,2017,1,ARI,NL,155,558,117,166,34,3,36,120,18,5,94,147,15,8,0,4,14,0.297,665,0.404,0.563,0.966,140,314
gomesya01,2017,1,CLE,AL,105,341,43,79,15,0,14,56,0,0,31,99,0,8,1,2,9,0.232,383,0.309,0.399,0.708,83,136
gomezca01,2017,1,TEX,AL,105,368,51,94,23,1,17,51,13,5,31,127,0,19,3,5,3,0.255,426,0.340,0.462,0.802,106,170
gomezje01,2017,1,PHI,NL,17,0,0,0,0,0,0,0,0,0,0,0,0,0,0,0,0,0.000,0,0.000,0.000,0.000,0,0
gomezmi01,2017,1,SFG,NL,22,33,3,8,2,0,0,2,0,0,0,6,0,0,0,1,1,0.242,34,0.235,0.303,0.538,42,10
gomezro01,2017,1,SFG,NL,3,0,0,0,0,0,0,0,0,0,0,0,0,0,0,0,0,0.000,0,0.000,0.000,0.000,0,0
gonzaad01,2017,1,LAD,NL,71,231,14,56,17,0,3,30,0,1,16,43,1,0,0,4,7,0.242,252,0.287,0.355,0.642,69,82
gonzaca01,2017,1,COL,NL,136,470,72,123,34,0,14,57,3,0,56,119,3,2,0,6,9,0.262,534,0.339,0.423,0.762,87,199
gonzaer01,2017,1,CLE,AL,60,110,18,28,6,0,4,11,1,2,3,37,0,0,1,1,1,0.255,115,0.272,0.418,0.690,77,46
gonzagi01,2017,1,WSN,NL,30,66,3,6,0,0,0,5,0,0,4,29,0,0,5,0,0,0.091,75,0.143,0.091,0.234,-37,6
gonzama01,2017,1,HOU,AL,134,455,67,138,34,0,23,90,8,3,49,99,4,6,3,2,8,0.303,515,0.377,0.530,0.907,149,241
gonzama02,2017,1,SEA,AL,1,1,0,0,0,0,0,0,0,0,0,1,0,0,1,0,0,0.000,2,0.000,0.000,0.000,-100,0
gonzama02,2017,2,STL,NL,1,1,0,1,0,0,0,0,0,0,0,0,0,0,0,0,0,1.000,1,1.000,1.000,2.000,433,1
gonzami03,2017,1,CHW,AL,3,6,0,0,0,0,0,0,0,0,0,2,0,0,1,0,0,0.000,7,0.000,0.000,0.000,-100,0
gonzami03,2017,2,TEX,AL,1,0,1,0,0,0,0,0,0,0,1,0,0,0,0,0,0,0.000,1,0.000,0.000,0.000,0,0
goodrni01,2017,1,MIN,AL,11,17,1,1,0,0,0,0,0,0,1,10,0,0,0,0,0,0.059,18,0.111,0.059,0.170,-52,1
goodwbr01,2017,1,WSN,NL,74,251,41,63,21,1,13,30,6,0,23,69,2,1,0,3,3,0.251,278,0.313,0.498,0.811,105,125
goodyni01,2017,1,CLE,AL,3,0,0,0,0,0,0,0,0,0,0,0,0,0,0,0,0,0.000,0,0.000,0.000,0.000,0,0
gordoal01,2017,1,KCR,AL,148,476,52,99,20,2,9,45,7,4,45,126,3,14,2,4,7,0.208,541,0.293,0.315,0.608,62,150
gordode01,2017,1,MIA,NL,158,653,114,201,20,9,2,33,60,16,25,93,0,10,2,4,7,0.308,695,0.341,0.375,0.716,94,245
gorete01,2017,1,KCR,AL,12,4,2,0,0,0,0,0,2,2,1,2,0,0,0,0,0,0.000,5,0.200,0.000,0.200,-39,0
gosewtu01,2017,1,SEA,AL,11,28,1,2,0,0,0,0,0,0,1,14,0,0,2,0,2,0.071,31,0.103,0.071,0.175,-51,2
gosseda01,2017,1,OAK,AL,3,5,1,1,0,0,0,0,0,0,0,4,0,0,2,0,0,0.200,7,0.200,0.200,0.400,10,1
gosseph01,2017,1,TEX,AL,12,8,0,1,1,0,0,0,0,0,0,3,0,0,0,0,0,0.125,8,0.125,0.250,0.375,-6,2
gosseph01,2017,2,PIT,NL,28,40,3,6,1,0,0,2,0,1,2,9,0,0,0,0,1,0.150,42,0.190,0.175,0.365,-2,7
gotttr01,2017,1,WSN,NL,4,0,0,0,0,0,0,0,0,0,0,0,0,0,0,0,0,0.000,0,0.000,0.000,0.000,0,0
gourryu01,2017,1,HOU,AL,139,529,69,158,43,1,18,75,3,2,22,62,1,7,0,6,12,0.299,564,0.332,0.486,0.817,124,257
gracema02,2017,1,WSN,NL,39,5,0,0,0,0,0,0,0,0,0,4,0,0,0,0,0,0.000,5,0.000,0.000,0.000,-100,0
grandcu01,2017,1,LAD,NL,36,112,16,18,2,0,7,12,2,0,18,33,0,2,0,0,1,0.161,132,0.288,0.366,0.654,72,41
grandcu01,2017,2,NYM,NL,111,337,58,77,22,3,19,52,4,2,53,90,2,2,0,3,4,0.228,395,0.334,0.481,0.815,113,162
grandya01,2017,1,LAD,NL,129,438,50,108,27,0,22,58,0,1,40,130,0,0,1,3,10,0.247,482,0.308,0.459,0.767,100,201
graniza01,2017,1,MIN,AL,40,93,14,22,2,0,1,13,2,2,12,9,0,0,1,1,6,0.237,107,0.321,0.290,0.611,67,27
grateju01,2017,1,LAA,AL,48,84,5,17,4,0,0,10,0,0,1,13,0,0,0,2,4,0.202,87,0.207,0.250,0.457,24,21
graveke01,2017,1,OAK,AL,2,1,0,0,0,0,0,0,0,0,0,1,0,0,0,0,0,0.000,1,0.000,0.000,0.000,-100,0
grayjo02,2017,1,COL,NL,19,38,3,3,0,0,1,3,0,0,1,27,0,0,4,0,0,0.079,43,0.103,0.158,0.260,-37,6
greench03,2017,1,NYY,AL,1,0,0,0,0,0,0,0,0,0,0,0,0,0,0,0,0,0.000,0,0.000,0.000,0.000,0,0
greengr01,2017,1,WSN,NL,2,3,0,0,0,0,0,0,0,0,0,2,0,0,0,0,0,0.000,3,0.000,0.000,0.000,-100,0
greensh02,2017,1,DET,AL,7,0,0,0,0,0,0,0,0,0,0,0,0,0,0,0,0,0.000,0,0.000,0.000,0.000,0,0
gregelu01,2017,1,HOU,AL,5,0,0,0,0,0,0,0,0,0,0,0,0,0,0,0,0,0.000,0,0.000,0.000,0.000,0,0
gregodi01,2017,1,NYY,AL,136,534,73,153,27,0,25,87,3,1,25,70,1,3,0,7,7,0.287,570,0.318,0.478,0.796,106,255
greinza01,2017,1,ARI,NL,30,62,4,13,4,0,0,4,0,0,2,18,0,1,5,0,0,0.210,70,0.246,0.274,0.520,31,17
grichra01,2017,1,STL,NL,122,412,53,98,25,3,22,59,6,1,26,133,3,2,0,2,9,0.238,442,0.285,0.473,0.758,95,195
griffaj01,2017,1,TEX,AL,3,5,0,0,0,0,0,0,0,0,1,5,0,0,0,0,0,0.000,6,0.167,0.000,0.167,-50,0
grillja01,2017,1,TOR,AL,3,0,0,0,0,0,0,0,0,0,0,0,0,0,0,0,0,0.000,0,0.000,0.000,0.000,0,0
grillja01,2017,2,TEX,AL,2,0,0,0,0,0,0,0,0,0,0,0,0,0,0,0,0,0.000,0,0.000,0.000,0.000,0,0
grimmju01,2017,1,CHC,NL,48,3,0,0,0,0,0,0,0,0,0,1,0,0,0,0,1,0.000,3,0.000,0.000,0.000,-100,0
grossro01,2017,1,MIN,AL,119,382,62,94,22,1,9,45,3,1,67,79,0,3,2,2,6,0.246,456,0.361,0.380,0.741,100,145
